repo_dir,hits,misses,cache_size,dtf,pfs,ttr
facebook-sdk,20,60,1,1,1,4.40621280670166
facebook-sdk,20,60,1,1,1,4.351526975631714
facebook-sdk,20,60,1,1,1,4.3632590770721436
facebook-sdk,20,60,1,1,1,4.361784934997559
facebook-sdk,20,60,1,1,1,4.3463709354400635
facebook-sdk,20,60,1,1,1,4.320046901702881
